,CustomerID
0,17850.0
1,13047.0
2,12583.0
3,13748.0
4,15100.0
5,15291.0
6,14688.0
7,17809.0
8,15311.0
9,14527.0
10,16098.0
11,18074.0
12,17420.0
13,16029.0
14,16250.0
15,12431.0
16,17511.0
17,17548.0
18,13705.0
19,13747.0
20,13408.0
21,13767.0
22,17924.0
23,13448.0
24,15862.0
25,15513.0
26,12791.0
27,16218.0
28,14045.0
29,14307.0
30,17908.0
31,17920.0
32,
33,12838.0
34,13255.0
35,16583.0
36,18085.0
37,13758.0
38,13694.0
39,15983.0
40,14849.0
41,17968.0
42,16210.0
43,17897.0
44,17377.0
45,16552.0
46,17181.0
47,17951.0
48,14729.0
49,12748.0
50,15012.0
51,12868.0
52,17572.0
53,14078.0
54,14001.0
55,12662.0
56,15525.0
57,14237.0
58,17905.0
59,15485.0
60,12433.0
61,16955.0
62,15350.0
63,15605.0
64,18144.0
65,15922.0
66,14594.0
67,15165.0
68,14911.0
69,16456.0
70,17841.0
71,12472.0
72,17346.0
73,17643.0
74,17873.0
75,13093.0
76,12921.0
77,13468.0
78,17760.0
79,16928.0
80,16048.0
81,16274.0
82,14496.0
83,14696.0
84,16539.0
85,17025.0
86,13777.0
87,17690.0
88,12947.0
89,17460.0
90,18229.0
91,14142.0
92,17069.0
93,13065.0
94,14606.0
95,16835.0
96,15235.0
97,13576.0
98,18011.0
99,13090.0
100,15694.0
101,14741.0
102,13715.0
103,14092.0
104,17732.0
105,12855.0
106,15752.0
107,17855.0
108,14047.0
109,17925.0
110,13941.0
111,17017.0
112,14135.0
113,13108.0
114,12471.0
115,15601.0
116,13418.0
117,14766.0
118,15658.0
119,14388.0
120,14901.0
121,18041.0
122,15955.0
123,15070.0
124,16244.0
125,15111.0
126,14390.0
127,16546.0
128,15260.0
129,13305.0
130,14491.0
131,14060.0
132,15923.0
133,16752.0
134,17287.0
135,15363.0
136,12915.0
137,15544.0
138,15738.0
139,16042.0
140,17381.0
141,15827.0
142,14180.0
143,13117.0
144,16916.0
145,17964.0
146,14466.0
147,17235.0
148,16510.0
149,17802.0
150,15107.0
151,17976.0
152,14449.0
153,15838.0
154,16781.0
155,17547.0
156,13491.0
157,16186.0
158,17685.0
159,17581.0
160,15732.0
161,13138.0
162,15823.0
163,17567.0
164,15061.0
165,16203.0
166,15640.0
167,15574.0
168,16770.0
169,17838.0
170,17228.0
171,14829.0
172,17412.0
173,14031.0
174,14775.0
175,12971.0
176,15834.0
177,17659.0
178,15299.0
179,15646.0
180,13958.0
181,14443.0
182,14156.0
183,16995.0
184,13402.0
185,18168.0
186,17757.0
187,14625.0
188,13011.0
189,13798.0
190,15384.0
191,14264.0
192,13295.0
193,16754.0
194,16634.0
195,18239.0
196,14576.0
197,13145.0
198,14395.0
199,14865.0
200,15093.0
201,12738.0
202,16150.0
203,17552.0
204,14236.0
205,17961.0
206,14573.0
207,17135.0
208,17396.0
209,14213.0
210,12967.0
211,12686.0
212,14679.0
213,15240.0
214,18225.0
215,13370.0
216,16883.0
217,13520.0
218,12841.0
219,16905.0
220,12427.0
221,17967.0
222,16891.0
223,14589.0
224,14680.0
225,17884.0
226,12557.0
227,14083.0
228,13013.0
229,14210.0
230,16477.0
231,12600.0
232,16013.0
233,17949.0
234,12779.0
235,16926.0
236,17787.0
237,12682.0
238,14723.0
239,17954.0
240,17819.0
241,12712.0
242,15373.0
243,16140.0
244,17198.0
245,17238.0
246,12793.0
247,15769.0
248,14396.0
249,14898.0
250,12725.0
251,16725.0
252,12395.0
253,16455.0
254,13081.0
255,15545.0
256,17243.0
257,15465.0
258,15708.0
259,13089.0
260,16033.0
261,13838.0
262,15351.0
263,18055.0
264,15038.0
265,18109.0
266,13069.0
267,16241.0
268,14800.0
269,16839.0
270,16168.0
271,16931.0
272,16814.0
273,13269.0
274,14813.0
275,12567.0
276,17062.0
277,15332.0
278,14810.0
279,16353.0
280,18118.0
281,13831.0
282,13506.0
283,17796.0
284,15716.0
285,18156.0
286,15221.0
287,16983.0
288,17059.0
289,16327.0
290,17211.0
291,17026.0
292,15570.0
293,15880.0
294,16718.0
295,15808.0
296,17858.0
297,16393.0
298,14161.0
299,17863.0
300,16411.0
301,16402.0
302,15023.0
303,17402.0
304,15426.0
305,12647.0
306,15894.0
307,15867.0
308,14506.0
309,15555.0
310,13034.0
311,15889.0
312,15953.0
313,16143.0
314,12720.0
315,16422.0
316,12747.0
317,15502.0
318,12763.0
319,14081.0
320,17965.0
321,14404.0
322,13579.0
323,13174.0
324,15987.0
325,17677.0
326,13652.0
327,12586.0
328,17428.0
329,16161.0
330,16858.0
331,18219.0
332,14293.0
333,14748.0
334,16638.0
335,17674.0
336,12808.0
337,13094.0
338,15899.0
339,12708.0
340,15898.0
341,17691.0
342,17227.0
343,15039.0
344,15919.0
345,13497.0
346,15860.0
347,14189.0
348,15304.0
349,14867.0
350,14344.0
351,12474.0
352,16719.0
353,15048.0
354,15301.0
355,14708.0
356,16898.0
357,14825.0
358,18113.0
359,17596.0
360,15078.0
361,14085.0
362,17860.0
363,13155.0
364,15028.0
365,16919.0
366,17259.0
367,17019.0
368,14487.0
369,16722.0
370,15882.0
371,14667.0
372,16710.0
373,16550.0
374,15984.0
375,17682.0
376,16658.0
377,17068.0
378,15356.0
379,17223.0
380,16817.0
381,13030.0
382,17191.0
383,15194.0
384,14409.0
385,16654.0
386,16861.0
387,16138.0
388,13481.0
389,13495.0
390,17519.0
391,17218.0
392,17812.0
393,14215.0
394,15602.0
395,17320.0
396,16782.0
397,12913.0
398,17869.0
399,13564.0
400,14850.0
401,15021.0
402,13963.0
403,17450.0
404,17091.0
405,17470.0
406,17616.0
407,15649.0
408,12681.0
409,14907.0
410,17735.0
411,16059.0
412,17720.0
413,15018.0
414,14733.0
415,13756.0
416,14176.0
417,13319.0
418,15353.0
419,18119.0
420,17491.0
421,14282.0
422,13569.0
423,15498.0
424,14673.0
425,13488.0
426,16221.0
427,15002.0
428,15965.0
429,15024.0
430,17675.0
431,13769.0
432,16904.0
433,16086.0
434,13786.0
435,13880.0
436,13173.0
437,15858.0
438,15180.0
439,12347.0
440,14739.0
441,16293.0
442,17419.0
443,16775.0
444,16306.0
445,16950.0
446,17591.0
447,12839.0
448,13807.0
449,16125.0
450,15081.0
451,18102.0
452,16365.0
453,17870.0
454,14821.0
455,16863.0
456,13078.0
457,13267.0
458,13050.0
459,12709.0
460,15628.0
461,12386.0
462,14796.0
463,16779.0
464,13599.0
465,13329.0
466,18077.0
467,14744.0
468,17406.0
469,15750.0
470,13983.0
471,13842.0
472,12441.0
473,13199.0
474,14032.0
475,17706.0
476,16081.0
477,16525.0
478,14952.0
479,17975.0
480,16122.0
481,13126.0
482,15973.0
483,16558.0
484,16713.0
485,16893.0
486,15529.0
487,18043.0
488,16016.0
489,17722.0
490,17324.0
491,17341.0
492,14051.0
493,15916.0
494,16233.0
495,16385.0
496,15032.0
497,17213.0
498,18061.0
499,13113.0
500,16553.0
501,13455.0
502,14217.0
503,17262.0
504,14299.0
505,18259.0
506,17676.0
507,16679.0
508,18269.0
509,12766.0
510,15298.0
511,18193.0
512,13523.0
513,12870.0
514,15005.0
515,15581.0
516,15680.0
517,13649.0
518,17894.0
519,13270.0
520,14618.0
521,14866.0
522,13077.0
523,13115.0
524,13531.0
525,13848.0
526,13140.0
527,15713.0
528,17999.0
529,15347.0
530,17340.0
531,13984.0
532,15996.0
533,14030.0
534,16252.0
535,16596.0
536,16700.0
537,16011.0
538,17655.0
539,16717.0
540,14243.0
541,12963.0
542,15079.0
543,14437.0
544,12942.0
545,15660.0
546,18092.0
547,15358.0
548,12481.0
549,12721.0
550,12621.0
551,18071.0
552,12683.0
553,12755.0
554,13854.0
555,12797.0
556,13369.0
557,12494.0
558,17857.0
559,17411.0
560,14932.0
561,12429.0
562,14987.0
563,14355.0
564,17526.0
565,14896.0
566,14440.0
567,13240.0
568,14479.0
569,16065.0
570,17430.0
571,16520.0
572,15945.0
573,15181.0
574,15856.0
575,13102.0
576,14205.0
577,17702.0
578,15271.0
579,13982.0
580,15288.0
581,17978.0
582,16795.0
583,16519.0
584,17816.0
585,13021.0
586,16255.0
587,17671.0
588,17646.0
589,12649.0
590,16350.0
591,12872.0
592,17339.0
593,18230.0
594,16499.0
595,17097.0
596,15192.0
597,14441.0
598,15279.0
599,16579.0
600,15380.0
601,17442.0
602,17950.0
603,12826.0
604,17456.0
605,17307.0
606,15811.0
607,13327.0
608,17700.0
609,13136.0
610,15535.0
611,12605.0
612,15329.0
613,15211.0
614,15596.0
615,16163.0
616,16907.0
617,17576.0
618,14713.0
619,14702.0
620,13230.0
621,13969.0
622,17530.0
623,15805.0
624,17696.0
625,17076.0
626,17827.0
627,16265.0
628,17880.0
629,13000.0
630,17790.0
631,12731.0
632,14419.0
633,14082.0
634,17912.0
635,15723.0
636,16656.0
637,14037.0
638,14256.0
639,14543.0
640,16062.0
641,18116.0
642,16019.0
643,18178.0
644,18065.0
645,13148.0
646,12989.0
647,14107.0
648,15881.0
649,12785.0
650,16727.0
651,15514.0
652,13787.0
653,17865.0
654,17220.0
655,16565.0
656,16873.0
657,14062.0
658,15179.0
659,18016.0
660,14448.0
661,15503.0
662,17251.0
663,16923.0
664,14159.0
665,17126.0
666,15224.0
667,14577.0
668,12753.0
669,17236.0
670,17372.0
671,16367.0
672,12875.0
673,17917.0
674,16010.0
675,17085.0
676,13668.0
677,14684.0
678,17188.0
679,15547.0
680,15998.0
681,14413.0
682,18004.0
683,13959.0
684,16665.0
685,15454.0
686,15044.0
687,17937.0
688,14608.0
689,17618.0
690,14505.0
691,18037.0
692,13198.0
693,12540.0
694,13225.0
695,15361.0
696,15689.0
697,14290.0
698,13209.0
699,13999.0
700,14498.0
701,15854.0
702,16701.0
703,16927.0
704,17990.0
705,14544.0
706,17338.0
707,17231.0
708,17799.0
709,14565.0
710,16726.0
711,17303.0
712,14639.0
713,17611.0
714,17179.0
715,17524.0
716,12476.0
717,17293.0
718,17890.0
719,17375.0
720,17371.0
721,17969.0
722,15159.0
723,13211.0
724,15777.0
725,14525.0
726,13324.0
727,13802.0
728,13948.0
729,13008.0
730,14206.0
731,16202.0
732,16442.0
733,18075.0
734,15468.0
735,16570.0
736,14524.0
737,18141.0
738,12434.0
739,16810.0
740,14961.0
741,17041.0
742,16458.0
743,16083.0
744,16262.0
745,17194.0
746,14057.0
747,14871.0
748,13178.0
749,18044.0
750,16812.0
751,16191.0
752,12370.0
753,14298.0
754,17158.0
755,14415.0
756,16899.0
757,16531.0
758,17404.0
759,16556.0
760,16805.0
761,16503.0
762,17739.0
763,13238.0
764,12829.0
765,13097.0
766,12867.0
767,15392.0
768,13846.0
769,14401.0
770,16145.0
771,17629.0
772,14150.0
773,13496.0
774,13611.0
775,16954.0
776,17454.0
777,17449.0
778,17230.0
779,12865.0
780,15950.0
781,15512.0
782,17525.0
783,13458.0
784,14426.0
785,16003.0
786,13092.0
787,13426.0
788,15101.0
789,17033.0
790,13221.0
791,14201.0
792,17692.0
793,15822.0
794,16134.0
795,17551.0
796,18050.0
797,14913.0
798,12666.0
799,15641.0
800,13124.0
801,17214.0
802,15456.0
803,15062.0
804,12928.0
805,15727.0
806,17980.0
807,15290.0
808,17752.0
809,15615.0
810,12577.0
811,17044.0
812,13829.0
813,17633.0
814,13266.0
815,17820.0
816,15664.0
817,17189.0
818,17496.0
819,16607.0
820,13317.0
821,13890.0
822,17001.0
823,15246.0
824,16996.0
825,15482.0
826,16037.0
827,14841.0
828,16670.0
829,16985.0
830,16705.0
831,16470.0
832,14414.0
833,15563.0
834,12980.0
835,16746.0
836,14878.0
837,16743.0
838,17146.0
839,12877.0
840,15394.0
841,14621.0
842,15379.0
843,14309.0
844,17288.0
845,14709.0
846,15157.0
847,17744.0
848,16316.0
849,15620.0
850,15789.0
851,16560.0
852,13534.0
853,17580.0
854,14777.0
855,15759.0
856,14373.0
857,18176.0
858,15366.0
859,14735.0
860,16271.0
861,18223.0
862,15532.0
863,16816.0
864,16684.0
865,14334.0
866,16945.0
867,14643.0
868,15197.0
869,14220.0
870,13874.0
871,18260.0
872,17848.0
873,17392.0
874,12348.0
875,14985.0
876,13004.0
877,14560.0
878,12931.0
879,13627.0
880,12551.0
881,12782.0
882,14769.0
883,15780.0
884,12417.0
885,17315.0
886,16711.0
887,12726.0
888,15204.0
889,17888.0
890,17007.0
891,15160.0
892,14016.0
893,13033.0
894,12691.0
895,13869.0
896,14146.0
897,12705.0
898,16885.0
899,17913.0
900,12668.0
901,14472.0
902,17358.0
903,16686.0
904,18245.0
905,17343.0
906,18256.0
907,16153.0
908,12377.0
909,14646.0
910,12944.0
911,15312.0
912,14099.0
913,14113.0
914,13104.0
915,17204.0
916,13027.0
917,17621.0
918,17090.0
919,14119.0
920,15527.0
921,18097.0
922,15460.0
923,15034.0
924,12423.0
925,12678.0
926,15208.0
927,17306.0
928,14737.0
929,13029.0
930,16270.0
931,13487.0
932,12515.0
933,17400.0
934,17593.0
935,13953.0
936,14533.0
937,12734.0
938,14944.0
939,17239.0
940,14532.0
941,12383.0
942,15562.0
943,15587.0
944,13922.0
945,13817.0
946,12585.0
947,13165.0
948,13304.0
949,13313.0
950,16875.0
951,16282.0
952,12957.0
953,14462.0
954,13397.0
955,13680.0
956,12483.0
957,15164.0
958,17457.0
959,14732.0
960,14221.0
961,14553.0
962,13253.0
963,17389.0
964,12578.0
965,15841.0
966,16112.0
967,13629.0
968,16600.0
969,15661.0
970,16532.0
971,15266.0
972,14653.0
973,16771.0
974,17585.0
975,15046.0
976,13082.0
977,15464.0
978,18226.0
979,18062.0
980,12415.0
981,12503.0
982,17368.0
983,14258.0
984,15719.0
985,13368.0
986,17634.0
987,16676.0
988,16424.0
989,18283.0
990,12735.0
991,13764.0
992,13656.0
993,12413.0
994,14312.0
995,13280.0
996,15845.0
997,16094.0
998,13187.0
999,16567.0
1000,14828.0
1001,12530.0
1002,16551.0
1003,16889.0
1004,16473.0
1005,13750.0
1006,12501.0
1007,15607.0
1008,15139.0
1009,12489.0
1010,17707.0
1011,18198.0
1012,12484.0
1013,18179.0
1014,17284.0
1015,13233.0
1016,14889.0
1017,12480.0
1018,14672.0
1019,13593.0
1020,13162.0
1021,13183.0
1022,17095.0
1023,12939.0
1024,15611.0
1025,17114.0
1026,15059.0
1027,16326.0
1028,17128.0
1029,14761.0
1030,17555.0
1031,12651.0
1032,16735.0
1033,16833.0
1034,17800.0
1035,16748.0
1036,14755.0
1037,16549.0
1038,13565.0
1039,15799.0
1040,18032.0
1041,13451.0
1042,14794.0
1043,12539.0
1044,12500.0
1045,18171.0
1046,16279.0
1047,12524.0
1048,17811.0
1049,16850.0
1050,14321.0
1051,15326.0
1052,17849.0
1053,13672.0
1054,14229.0
1055,13107.0
1056,16497.0
1057,16303.0
1058,15281.0
1059,12736.0
1060,13473.0
1061,14320.0
1062,12393.0
1063,17742.0
1064,16351.0
1065,12601.0
1066,13144.0
1067,15346.0
1068,15370.0
1069,12643.0
1070,14295.0
1071,16034.0
1072,17365.0
1073,15189.0
1074,14669.0
1075,18095.0
1076,15518.0
1077,15749.0
1078,14209.0
1079,15569.0
1080,12728.0
1081,17569.0
1082,13784.0
1083,12724.0
1084,13862.0
1085,16791.0
1086,16235.0
1087,14270.0
1088,12665.0
1089,12523.0
1090,16655.0
1091,16359.0
1092,16554.0
1093,12359.0
1094,15939.0
1095,14587.0
1096,14715.0
1097,14185.0
1098,12437.0
1099,14040.0
1100,12652.0
1101,14514.0
1102,15171.0
1103,14167.0
1104,17048.0
1105,17364.0
1106,13284.0
1107,16500.0
1108,12951.0
1109,15835.0
1110,18190.0
1111,13993.0
1112,14114.0
1113,15447.0
1114,16315.0
1115,14978.0
1116,16395.0
1117,15510.0
1118,13614.0
1119,13246.0
1120,15687.0
1121,16493.0
1122,12490.0
1123,12672.0
1124,13385.0
1125,15626.0
1126,12553.0
1127,15213.0
1128,14175.0
1129,18106.0
1130,15033.0
1131,14329.0
1132,16401.0
1133,16206.0
1134,13782.0
1135,12924.0
1136,16593.0
1137,13700.0
1138,13064.0
1139,13048.0
1140,18069.0
1141,13634.0
1142,16843.0
1143,17064.0
1144,17609.0
1145,15673.0
1146,12626.0
1147,14976.0
1148,12388.0
1149,13527.0
1150,15696.0
1151,15316.0
1152,12673.0
1153,15296.0
1154,17988.0
1155,12820.0
1156,13001.0
1157,14101.0
1158,14238.0
1159,17730.0
1160,13929.0
1161,14657.0
1162,13859.0
1163,18212.0
1164,14292.0
1165,13883.0
1166,18233.0
1167,17018.0
1168,14242.0
1169,12356.0
1170,12346.0
1171,13898.0
1172,16948.0
1173,16997.0
1174,12527.0
1175,15395.0
1176,12510.0
1177,13693.0
1178,13263.0
1179,14428.0
1180,12451.0
1181,12422.0
1182,17708.0
1183,14090.0
1184,15606.0
1185,15831.0
1186,13310.0
1187,14916.0
1188,17602.0
1189,14572.0
1190,13502.0
1191,14784.0
1192,15938.0
1193,12637.0
1194,17418.0
1195,14779.0
1196,16321.0
1197,15262.0
1198,17862.0
1199,16892.0
1200,12402.0
1201,17771.0
1202,15422.0
1203,14770.0
1204,16912.0
1205,15174.0
1206,14895.0
1207,12594.0
1208,17504.0
1209,16387.0
1210,12664.0
1211,16618.0
1212,17277.0
1213,14088.0
1214,17094.0
1215,14692.0
1216,12970.0
1217,17889.0
1218,17644.0
1219,17714.0
1220,12916.0
1221,17769.0
1222,14450.0
1223,16085.0
1224,13659.0
1225,15167.0
1226,15443.0
1227,14224.0
1228,13742.0
1229,17673.0
1230,12727.0
1231,14068.0
1232,13068.0
1233,14368.0
1234,15497.0
1235,12559.0
1236,13819.0
1237,14501.0
1238,14782.0
1239,17861.0
1240,14439.0
1241,18161.0
1242,15820.0
1243,18136.0
1244,16660.0
1245,12693.0
1246,12625.0
1247,13396.0
1248,12935.0
1249,16730.0
1250,14541.0
1251,13551.0
1252,12421.0
1253,15797.0
1254,15052.0
1255,14130.0
1256,15222.0
1257,13615.0
1258,13901.0
1259,13158.0
1260,14257.0
1261,15218.0
1262,15110.0
1263,14534.0
1264,15967.0
1265,16757.0
1266,12854.0
1267,13815.0
1268,18008.0
1269,18277.0
1270,14389.0
1271,13703.0
1272,15339.0
1273,12744.0
1274,16222.0
1275,14341.0
1276,13168.0
1277,16943.0
1278,17515.0
1279,17082.0
1280,14248.0
1281,12609.0
1282,13002.0
1283,16133.0
1284,13049.0
1285,14548.0
1286,13405.0
1287,14049.0
1288,16043.0
1289,15812.0
1290,13837.0
1291,17118.0
1292,14616.0
1293,14233.0
1294,17075.0
1295,16714.0
1296,13098.0
1297,17027.0
1298,12591.0
1299,17786.0
1300,16124.0
1301,16409.0
1302,13754.0
1303,15227.0
1304,12997.0
1305,15215.0
1306,16918.0
1307,16882.0
1308,14442.0
1309,16496.0
1310,12764.0
1311,17311.0
1312,15910.0
1313,16949.0
1314,14970.0
1315,14701.0
1316,12645.0
1317,12468.0
1318,16767.0
1319,14738.0
1320,17540.0
1321,14239.0
1322,18125.0
1323,13328.0
1324,15549.0
1325,15864.0
1326,14662.0
1327,17180.0
1328,15057.0
1329,12574.0
1330,13330.0
1331,13552.0
1332,12853.0
1333,13538.0
1334,16755.0
1335,14133.0
1336,16523.0
1337,14659.0
1338,13141.0
1339,15365.0
1340,13707.0
1341,13709.0
1342,17329.0
1343,14805.0
1344,16897.0
1345,15579.0
1346,14595.0
1347,13161.0
1348,15415.0
1349,17431.0
1350,17463.0
1351,14502.0
1352,12528.0
1353,15448.0
1354,17314.0
1355,17373.0
1356,18145.0
1357,14467.0
1358,12908.0
1359,15144.0
1360,14776.0
1361,16403.0
1362,16407.0
1363,17619.0
1364,12778.0
1365,17256.0
1366,17604.0
1367,14006.0
1368,13600.0
1369,15058.0
1370,17147.0
1371,13881.0
1372,16612.0
1373,14627.0
1374,17356.0
1375,12477.0
1376,12836.0
1377,13939.0
1378,16745.0
1379,13606.0
1380,13494.0
1381,12929.0
1382,16419.0
1383,17035.0
1384,15203.0
1385,16515.0
1386,12373.0
1387,18202.0
1388,12775.0
1389,14549.0
1390,15981.0
1391,16110.0
1392,17376.0
1393,13110.0
1394,16716.0
1395,12676.0
1396,15940.0
1397,15971.0
1398,14665.0
1399,14457.0
1400,15589.0
1401,14411.0
1402,17560.0
1403,15226.0
1404,14460.0
1405,16156.0
1406,13728.0
1407,14127.0
1408,16378.0
1409,13894.0
1410,13824.0
1411,18250.0
1412,15270.0
1413,14188.0
1414,18017.0
1415,15421.0
1416,17446.0
1417,12414.0
1418,14798.0
1419,12990.0
1420,12350.0
1421,16992.0
1422,17337.0
1423,16405.0
1424,17071.0
1425,13873.0
1426,17362.0
1427,13394.0
1428,12502.0
1429,16333.0
1430,16030.0
1431,14044.0
1432,13800.0
1433,17672.0
1434,12464.0
1435,13581.0
1436,14540.0
1437,13539.0
1438,15885.0
1439,14497.0
1440,17507.0
1441,13208.0
1442,17334.0
1443,13871.0
1444,16938.0
1445,12754.0
1446,12410.0
1447,17929.0
1448,14778.0
1449,17517.0
1450,17226.0
1451,13137.0
1452,13725.0
1453,13309.0
1454,12842.0
1455,16109.0
1456,17291.0
1457,15090.0
1458,15199.0
1459,13911.0
1460,14194.0
1461,14842.0
1462,13584.0
1463,17105.0
1464,14438.0
1465,12956.0
1466,15781.0
1467,14410.0
1468,14600.0
1469,17302.0
1470,17613.0
1471,13334.0
1472,13955.0
1473,17162.0
1474,17774.0
1475,13809.0
1476,15407.0
1477,15577.0
1478,16332.0
1479,14048.0
1480,14475.0
1481,17859.0
1482,12576.0
1483,15753.0
1484,12599.0
1485,14562.0
1486,16951.0
1487,16998.0
1488,13133.0
1489,17881.0
1490,15843.0
1491,17083.0
1492,15970.0
1493,13590.0
1494,17537.0
1495,12401.0
1496,12462.0
1497,17843.0
1498,13706.0
1499,17940.0
1500,17686.0
1501,14431.0
1502,15809.0
1503,12561.0
1504,14465.0
1505,18093.0
1506,16027.0
1507,12857.0
1508,16425.0
1509,16842.0
1510,15796.0
1511,14555.0
1512,15114.0
1513,15133.0
1514,17705.0
1515,18087.0
1516,12897.0
1517,17512.0
1518,15550.0
1519,14676.0
1520,12505.0
1521,18159.0
1522,14304.0
1523,15638.0
1524,12943.0
1525,13875.0
1526,15406.0
1527,18084.0
1528,17282.0
1529,16434.0
1530,17050.0
1531,13171.0
1532,17472.0
1533,17255.0
1534,16084.0
1535,17667.0
1536,12507.0
1537,14631.0
1538,13381.0
1539,15236.0
1540,13475.0
1541,17829.0
1542,13717.0
1543,13157.0
1544,14644.0
1545,12993.0
1546,17571.0
1547,16979.0
1548,16738.0
1549,15122.0
1550,17612.0
1551,17348.0
1552,13893.0
1553,14035.0
1554,13623.0
1555,14346.0
1556,16431.0
1557,12616.0
1558,16317.0
1559,14935.0
1560,16073.0
1561,14477.0
1562,14760.0
1563,14897.0
1564,15810.0
1565,16509.0
1566,14386.0
1567,12455.0
1568,14530.0
1569,15670.0
1570,12653.0
1571,16126.0
1572,14609.0
1573,13414.0
1574,12823.0
1575,12352.0
1576,12372.0
1577,16494.0
1578,14959.0
1579,16148.0
1580,17422.0
1581,17175.0
1582,18257.0
1583,12362.0
1584,13018.0
1585,13718.0
1586,15382.0
1587,14754.0
1588,13151.0
1589,12654.0
1590,13085.0
1591,15903.0
1592,15785.0
1593,18138.0
1594,14379.0
1595,14211.0
1596,14371.0
1597,13425.0
1598,12852.0
1599,15228.0
1600,13012.0
1601,16182.0
1602,13489.0
1603,12714.0
1604,13904.0
1605,15755.0
1606,13932.0
1607,13799.0
1608,13951.0
1609,16765.0
1610,18172.0
1611,16566.0
1612,12891.0
1613,16466.0
1614,16115.0
1615,14162.0
1616,13301.0
1617,14803.0
1618,13744.0
1619,12988.0
1620,17323.0
1621,12707.0
1622,18094.0
1623,15129.0
1624,17361.0
1625,18155.0
1626,15321.0
1627,13477.0
1628,15065.0
1629,16980.0
1630,15146.0
1631,12365.0
1632,13410.0
1633,13044.0
1634,16441.0
1635,16014.0
1636,14520.0
1637,17994.0
1638,13038.0
1639,17002.0
1640,15722.0
1641,16349.0
1642,16913.0
1643,18114.0
1644,15303.0
1645,12845.0
1646,18188.0
1647,16045.0
1648,16573.0
1649,13421.0
1650,18196.0
1651,13285.0
1652,13184.0
1653,18151.0
1654,13804.0
1655,17499.0
1656,15397.0
1657,14276.0
1658,13453.0
1659,16394.0
1660,17711.0
1661,13865.0
1662,16940.0
1663,14289.0
1664,16208.0
1665,17063.0
1666,13149.0
1667,18068.0
1668,15932.0
1669,16692.0
1670,15590.0
1671,17171.0
1672,18231.0
1673,14004.0
1674,17139.0
1675,14513.0
1676,13118.0
1677,15974.0
1678,17830.0
1679,12565.0
1680,12582.0
1681,14231.0
1682,17867.0
1683,14880.0
1684,15121.0
1685,17117.0
1686,12945.0
1687,18056.0
1688,16072.0
1689,16838.0
1690,15543.0
1691,13751.0
1692,15847.0
1693,13851.0
1694,13501.0
1695,12633.0
1696,13345.0
1697,13870.0
1698,17034.0
1699,16592.0
1700,15712.0
1701,13362.0
1702,14470.0
1703,17388.0
1704,16841.0
1705,13753.0
1706,13666.0
1707,12361.0
1708,14481.0
1709,13792.0
1710,17663.0
1711,13973.0
1712,15990.0
1713,13493.0
1714,13684.0
1715,13261.0
1716,16598.0
1717,14147.0
1718,15951.0
1719,13971.0
1720,17516.0
1721,13630.0
1722,14157.0
1723,13636.0
1724,13610.0
1725,14745.0
1726,12781.0
1727,14036.0
1728,16057.0
1729,15724.0
1730,12458.0
1731,12598.0
1732,13675.0
1733,14227.0
1734,16668.0
1735,16667.0
1736,13509.0
1737,15874.0
1738,16187.0
1739,16339.0
1740,12509.0
1741,14046.0
1742,13292.0
1743,16427.0
1744,14056.0
1745,15656.0
1746,12811.0
1747,16518.0
1748,17165.0
1749,17462.0
1750,14620.0
1751,14740.0
1752,16462.0
1753,12428.0
1754,16078.0
1755,16915.0
1756,15676.0
1757,15709.0
1758,15241.0
1759,12933.0
1760,15092.0
1761,12679.0
1762,15319.0
1763,16212.0
1764,15257.0
1765,14656.0
1766,13884.0
1767,12866.0
1768,13166.0
1769,16389.0
1770,15416.0
1771,15733.0
1772,16678.0
1773,12834.0
1774,13722.0
1775,14934.0
1776,15067.0
1777,16128.0
1778,17770.0
1779,15622.0
1780,14473.0
1781,15104.0
1782,15643.0
1783,16792.0
1784,15031.0
1785,15636.0
1786,12873.0
1787,17923.0
1788,16217.0
1789,17738.0
1790,17426.0
1791,16957.0
1792,16571.0
1793,14483.0
1794,15087.0
1795,16709.0
1796,17856.0
1797,15053.0
1798,18218.0
1799,16159.0
1800,17995.0
1801,17374.0
1802,17789.0
1803,17416.0
1804,17652.0
1805,13476.0
1806,12817.0
1807,15393.0
1808,13014.0
1809,17508.0
1810,13931.0
1811,12541.0
1812,13382.0
1813,15220.0
1814,14570.0
1815,14447.0
1816,13557.0
1817,16449.0
1818,12547.0
1819,17325.0
1820,14995.0
1821,16414.0
1822,15681.0
1823,14670.0
1824,15675.0
1825,12584.0
1826,17535.0
1827,15400.0
1828,14903.0
1829,14499.0
1830,18211.0
1831,14504.0
1832,15572.0
1833,17107.0
1834,14247.0
1835,15554.0
1836,14915.0
1837,16136.0
1838,18280.0
1839,12614.0
1840,13344.0
1841,16621.0
1842,16225.0
1843,14214.0
1844,14012.0
1845,16356.0
1846,17654.0
1847,15026.0
1848,16517.0
1849,14817.0
1850,17092.0
1851,16242.0
1852,15869.0
1853,17817.0
1854,15234.0
1855,15764.0
1856,15806.0
1857,15819.0
1858,14586.0
1859,15944.0
1860,13340.0
1861,16917.0
1862,14407.0
1863,13908.0
1864,12758.0
1865,13975.0
1866,14730.0
1867,12623.0
1868,14367.0
1869,13373.0
1870,16712.0
1871,17639.0
1872,16426.0
1873,16495.0
1874,14336.0
1875,14507.0
1876,12759.0
1877,17049.0
1878,15206.0
1879,14013.0
1880,14645.0
1881,15071.0
1882,14112.0
1883,13026.0
1884,12881.0
1885,17864.0
1886,14936.0
1887,17138.0
1888,16572.0
1889,14165.0
1890,15367.0
1891,14291.0
1892,15632.0
1893,14297.0
1894,13899.0
1895,16471.0
1896,18183.0
1897,14603.0
1898,18173.0
1899,14854.0
1900,16625.0
1901,14064.0
1902,15308.0
1903,18086.0
1904,14350.0
1905,14930.0
1906,16080.0
1907,14727.0
1908,16778.0
1909,14077.0
1910,16808.0
1911,16475.0
1912,13265.0
1913,12520.0
1914,15049.0
1915,18149.0
1916,13654.0
1917,16652.0
1918,16766.0
1919,16801.0
1920,17164.0
1921,13226.0
1922,13043.0
1923,14352.0
1924,17351.0
1925,16768.0
1926,16693.0
1927,13956.0
1928,13708.0
1929,15918.0
1930,15671.0
1931,14962.0
1932,16807.0
1933,15125.0
1934,16871.0
1935,12901.0
1936,13452.0
1937,15493.0
1938,16005.0
1939,15388.0
1940,16804.0
1941,13499.0
1942,15047.0
1943,14193.0
1944,17542.0
1945,17080.0
1946,16392.0
1947,15106.0
1948,16214.0
1949,13716.0
1950,15150.0
1951,16061.0
1952,14226.0
1953,13121.0
1954,16297.0
1955,12994.0
1956,16152.0
1957,14636.0
1958,16040.0
1959,15793.0
1960,13358.0
1961,12849.0
1962,15182.0
1963,13299.0
1964,16383.0
1965,15381.0
1966,12597.0
1967,15030.0
1968,12435.0
1969,12955.0
1970,18189.0
1971,13946.0
1972,17716.0
1973,13185.0
1974,14840.0
1975,13216.0
1976,13650.0
1977,13533.0
1978,13268.0
1979,15433.0
1980,12937.0
1981,17603.0
1982,16216.0
1983,16377.0
1984,16976.0
1985,12514.0
1986,18210.0
1987,13631.0
1988,14422.0
1989,15648.0
1990,17725.0
1991,15861.0
1992,13072.0
1993,15695.0
1994,14110.0
1995,14059.0
1996,16672.0
1997,16511.0
1998,16256.0
1999,13591.0
2000,14066.0
2001,15483.0
2002,16626.0
2003,15019.0
2004,18270.0
2005,14315.0
2006,17921.0
2007,14041.0
2008,17060.0
2009,16023.0
2010,17133.0
2011,12878.0
2012,14155.0
2013,17043.0
2014,13046.0
2015,14633.0
2016,12948.0
2017,15703.0
2018,14071.0
2019,17134.0
2020,17795.0
2021,12902.0
2022,16444.0
2023,14232.0
2024,14693.0
2025,12407.0
2026,16728.0
2027,16096.0
2028,13985.0
2029,13592.0
2030,15140.0
2031,12843.0
2032,14408.0
2033,15408.0
2034,15445.0
2035,15452.0
2036,14223.0
2037,16619.0
2038,14762.0
2039,13934.0
2040,15669.0
2041,16384.0
2042,18224.0
2043,14245.0
2044,17678.0
2045,15855.0
2046,16036.0
2047,17763.0
2048,13262.0
2049,17152.0
2050,14632.0
2051,13900.0
2052,14875.0
2053,15132.0
2054,17272.0
2055,16135.0
2056,12831.0
2057,15437.0
2058,16809.0
2059,14711.0
2060,14377.0
2061,16374.0
2062,13196.0
2063,15457.0
2064,12613.0
2065,16721.0
2066,12399.0
2067,17733.0
2068,17102.0
2069,15410.0
2070,13239.0
2071,15449.0
2072,14870.0
2073,13821.0
2074,17096.0
2075,12604.0
2076,12818.0
2077,18191.0
2078,14461.0
2079,13132.0
2080,16859.0
2081,15245.0
2082,17486.0
2083,16308.0
2084,12564.0
2085,14607.0
2086,13249.0
2087,15644.0
2088,14075.0
2089,17250.0
2090,17966.0
2091,14129.0
2092,15651.0
2093,13035.0
2094,13341.0
2095,13512.0
2096,16620.0
2097,17698.0
2098,14267.0
2099,13736.0
2100,16022.0
2101,14235.0
2102,16769.0
2103,17754.0
2104,12408.0
2105,16063.0
2106,15178.0
2107,14348.0
2108,15815.0
2109,13695.0
2110,17979.0
2111,13139.0
2112,12545.0
2113,14758.0
2114,14536.0
2115,13662.0
2116,17946.0
2117,13743.0
2118,18078.0
2119,16780.0
2120,18273.0
2121,15045.0
2122,17625.0
2123,13357.0
2124,16777.0
2125,14476.0
2126,16245.0
2127,12669.0
2128,12792.0
2129,17765.0
2130,15083.0
2131,18010.0
2132,15249.0
2133,13760.0
2134,15624.0
2135,17749.0
2136,15068.0
2137,14538.0
2138,14851.0
2139,14021.0
2140,13037.0
2141,18177.0
2142,14128.0
2143,17874.0
2144,17719.0
2145,17931.0
2146,13803.0
2147,17398.0
2148,15906.0
2149,16253.0
2150,13439.0
2151,12888.0
2152,13588.0
2153,12456.0
2154,15521.0
2155,13720.0
2156,15674.0
2157,17594.0
2158,17775.0
2159,13988.0
2160,16657.0
2161,15424.0
2162,13316.0
2163,16788.0
2164,16584.0
2165,15364.0
2166,18108.0
2167,14272.0
2168,15980.0
2169,15832.0
2170,16092.0
2171,15528.0
2172,16398.0
2173,17088.0
2174,17438.0
2175,13060.0
2176,14790.0
2177,14890.0
2178,16386.0
2179,14818.0
2180,13571.0
2181,12909.0
2182,12619.0
2183,16698.0
2184,16681.0
2185,13573.0
2186,14957.0
2187,13918.0
2188,17212.0
2189,17781.0
2190,14886.0
2191,13626.0
2192,16609.0
2193,16180.0
2194,13462.0
2195,18263.0
2196,16960.0
2197,13841.0
2198,17701.0
2199,12949.0
2200,14852.0
2201,12569.0
2202,13169.0
2203,16162.0
2204,15691.0
2205,14195.0
2206,13781.0
2207,17758.0
2208,14023.0
2209,17669.0
2210,16142.0
2211,17648.0
2212,13059.0
2213,16224.0
2214,15223.0
2215,17886.0
2216,13294.0
2217,15289.0
2218,18185.0
2219,17956.0
2220,15756.0
2221,14747.0
2222,14719.0
2223,13015.0
2224,16586.0
2225,16105.0
2226,14546.0
2227,15442.0
2228,16906.0
2229,14535.0
2230,16170.0
2231,15244.0
2232,16696.0
2233,15145.0
2234,17492.0
2235,13525.0
2236,17409.0
2237,17783.0
2238,13863.0
2239,13515.0
2240,15917.0
2241,17440.0
2242,17045.0
2243,17140.0
2244,15201.0
2245,14964.0
2246,16031.0
2247,14403.0
2248,17042.0
2249,13771.0
2250,17906.0
2251,18272.0
2252,16144.0
2253,13731.0
2254,12580.0
2255,14912.0
2256,15530.0
2257,13950.0
2258,13752.0
2259,13892.0
2260,14446.0
2261,16209.0
2262,15754.0
2263,13712.0
2264,15800.0
2265,16469.0
2266,13005.0
2267,14981.0
2268,17928.0
2269,16261.0
2270,17883.0
2271,14619.0
2272,13995.0
2273,16643.0
2274,14246.0
2275,18040.0
2276,16837.0
2277,15119.0
2278,16325.0
2279,14924.0
2280,15109.0
2281,16623.0
2282,12999.0
2283,12717.0
2284,13962.0
2285,18036.0
2286,14958.0
2287,13562.0
2288,15775.0
2289,17054.0
2290,17268.0
2291,13548.0
2292,13508.0
2293,12447.0
2294,13570.0
2295,13232.0
2296,18129.0
2297,13632.0
2298,15665.0
2299,17550.0
2300,15655.0
2301,14286.0
2302,16188.0
2303,12656.0
2304,15214.0
2305,17574.0
2306,15737.0
2307,18080.0
2308,14311.0
2309,14339.0
2310,12982.0
2311,12701.0
2312,12596.0
2313,14273.0
2314,12363.0
2315,13549.0
2316,15414.0
2317,13203.0
2318,14628.0
2319,14326.0
2320,15935.0
2321,13655.0
2322,12910.0
2323,13577.0
2324,15251.0
2325,14111.0
2326,17160.0
2327,16172.0
2328,17972.0
2329,12463.0
2330,14844.0
2331,17278.0
2332,15212.0
2333,16729.0
2334,14998.0
2335,13484.0
2336,16697.0
2337,14931.0
2338,18236.0
2339,13740.0
2340,16454.0
2341,15230.0
2342,15134.0
2343,16309.0
2344,13544.0
2345,14262.0
2346,13134.0
2347,17589.0
2348,16097.0
2349,13122.0
2350,16966.0
2351,17746.0
2352,16175.0
2353,14834.0
2354,16348.0
2355,15147.0
2356,16131.0
2357,15813.0
2358,17058.0
2359,17704.0
2360,16933.0
2361,13772.0
2362,16249.0
2363,14198.0
2364,13989.0
2365,17930.0
2366,14154.0
2367,14482.0
2368,14163.0
2369,14105.0
2370,17601.0
2371,17142.0
2372,13811.0
2373,12457.0
2374,15135.0
2375,16806.0
2376,13952.0
2377,13120.0
2378,12769.0
2379,13516.0
2380,14323.0
2381,18079.0
2382,12639.0
2383,14700.0
2384,15027.0
2385,17367.0
2386,18213.0
2387,17029.0
2388,13220.0
2389,15985.0
2390,16193.0
2391,15172.0
2392,13692.0
2393,15745.0
2394,17582.0
2395,13474.0
2396,17697.0
2397,16639.0
2398,16947.0
2399,15491.0
2400,16617.0
2401,15265.0
2402,16226.0
2403,18009.0
2404,16399.0
2405,14623.0
2406,15625.0
2407,18064.0
2408,15508.0
2409,16628.0
2410,13647.0
2411,15594.0
2412,13479.0
2413,13735.0
2414,13376.0
2415,15717.0
2416,13719.0
2417,16633.0
2418,13101.0
2419,15225.0
2420,14152.0
2421,12733.0
2422,15436.0
2423,17217.0
2424,17734.0
2425,14905.0
2426,14148.0
2427,16103.0
2428,14626.0
2429,14868.0
2430,18246.0
2431,13485.0
2432,15517.0
2433,17115.0
2434,17120.0
2435,16611.0
2436,15912.0
2437,12506.0
2438,12670.0
2439,17588.0
2440,14759.0
2441,16185.0
2442,13505.0
2443,13389.0
2444,12354.0
2445,17631.0
2446,17061.0
2447,17718.0
2448,17630.0
2449,13223.0
2450,16146.0
2451,17109.0
2452,16587.0
2453,12622.0
2454,16750.0
2455,13482.0
2456,14512.0
2457,17670.0
2458,16834.0
2459,15108.0
2460,16942.0
2461,14640.0
2462,16823.0
2463,15237.0
2464,12573.0
2465,17854.0
2466,18220.0
2467,17436.0
2468,16965.0
2469,12840.0
2470,15891.0
2471,17187.0
2472,13637.0
2473,17991.0
2474,16418.0
2475,16099.0
2476,15768.0
2477,16637.0
2478,14240.0
2479,15143.0
2480,13229.0
2481,14973.0
2482,14271.0
2483,15952.0
2484,16227.0
2485,17893.0
2486,14022.0
2487,15210.0
2488,16370.0
2489,15376.0
2490,14655.0
2491,17615.0
2492,16055.0
2493,14149.0
2494,17501.0
2495,14191.0
2496,13282.0
2497,15582.0
2498,16230.0
2499,18146.0
2500,15976.0
2501,17443.0
2502,12886.0
2503,17974.0
2504,13524.0
2505,17955.0
2506,15128.0
2507,16610.0
2508,17394.0
2509,14173.0
2510,16258.0
2511,14948.0
2512,17384.0
2513,16990.0
2514,13762.0
2515,12593.0
2516,14340.0
2517,17429.0
2518,13711.0
2519,14515.0
2520,16457.0
2521,17527.0
2522,14199.0
2523,13888.0
2524,14423.0
2525,14697.0
2526,17522.0
2527,13867.0
2528,17624.0
2529,14393.0
2530,17578.0
2531,13450.0
2532,17423.0
2533,18241.0
2534,15668.0
2535,16319.0
2536,15757.0
2537,17174.0
2538,13365.0
2539,18227.0
2540,14145.0
2541,18235.0
2542,13741.0
2543,12394.0
2544,16832.0
2545,15258.0
2546,15552.0
2547,18170.0
2548,13723.0
2549,14005.0
2550,15561.0
2551,16121.0
2552,18142.0
2553,13642.0
2554,15117.0
2555,13561.0
2556,15704.0
2557,16007.0
2558,16232.0
2559,17410.0
2560,13835.0
2561,13427.0
2562,14353.0
2563,12700.0
2564,13003.0
2565,16756.0
2566,13492.0
2567,16440.0
2568,18120.0
2569,12355.0
2570,17723.0
2571,14699.0
2572,12821.0
2573,13055.0
2574,13320.0
2575,16357.0
2576,18242.0
2577,15865.0
2578,17597.0
2579,14397.0
2580,13242.0
2581,12684.0
2582,14288.0
2583,15063.0
2584,12592.0
2585,14591.0
2586,13990.0
2587,12749.0
2588,16320.0
2589,14691.0
2590,16229.0
2591,14920.0
2592,17489.0
2593,13404.0
2594,15729.0
2595,16644.0
2596,14731.0
2597,14277.0
2598,15187.0
2599,13052.0
2600,18133.0
2601,17664.0
2602,14649.0
2603,13235.0
2604,14883.0
2605,12976.0
2606,14681.0
2607,14421.0
2608,16116.0
2609,14988.0
2610,15489.0
2611,14364.0
2612,16006.0
2613,16184.0
2614,17932.0
2615,18221.0
2616,12590.0
2617,14853.0
2618,17658.0
2619,17764.0
2620,14651.0
2621,14000.0
2622,13601.0
2623,12757.0
2624,17970.0
2625,12770.0
2626,15826.0
2627,15907.0
2628,12695.0
2629,14342.0
2630,14873.0
2631,14689.0
2632,15440.0
2633,16076.0
2634,15333.0
2635,16283.0
2636,17263.0
2637,16877.0
2638,12674.0
2639,16642.0
2640,12871.0
2641,14038.0
2642,14489.0
2643,14888.0
2644,17190.0
2645,13456.0
2646,17898.0
2647,13976.0
2648,16139.0
2649,15730.0
2650,16266.0
2651,15123.0
2652,17505.0
2653,12690.0
2654,16446.0
2655,17556.0
2656,14583.0
2657,16818.0
2658,13572.0
2659,14009.0
2660,13258.0
2661,14463.0
2662,13192.0
2663,16987.0
2664,13417.0
2665,17047.0
2666,15116.0
2667,17469.0
2668,16647.0
2669,15630.0
2670,17245.0
2671,16008.0
2672,17871.0
2673,13529.0
2674,12620.0
2675,15599.0
2676,16813.0
2677,14859.0
2678,16463.0
2679,15791.0
2680,13658.0
2681,13887.0
2682,12353.0
2683,14551.0
2684,17166.0
2685,17926.0
2686,13391.0
2687,17455.0
2688,13308.0
2689,13856.0
2690,13243.0
2691,15095.0
2692,18048.0
2693,18287.0
2694,18150.0
2695,16690.0
2696,13555.0
2697,16038.0
2698,13972.0
2699,13227.0
2700,13657.0
2701,17176.0
2702,14837.0
2703,14682.0
2704,14921.0
2705,16341.0
2706,14647.0
2707,12710.0
2708,15292.0
2709,15705.0
2710,13339.0
2711,13885.0
2712,12360.0
2713,13546.0
2714,17715.0
2715,18160.0
2716,15434.0
2717,15734.0
2718,13737.0
2719,13213.0
2720,18018.0
2721,15314.0
2722,17521.0
2723,15042.0
2724,12863.0
2725,16091.0
2726,15804.0
2727,14593.0
2728,14287.0
2729,16763.0
2730,14705.0
2731,12562.0
2732,12815.0
2733,14522.0
2734,16448.0
2735,14584.0
2736,12974.0
2737,12987.0
2738,14816.0
2739,15852.0
2740,16624.0
2741,12493.0
2742,18232.0
2743,18073.0
2744,16369.0
2745,14280.0
2746,13135.0
2747,17345.0
2748,16275.0
2749,14338.0
2750,15402.0
2751,12876.0
2752,16323.0
2753,12426.0
2754,14451.0
2755,14823.0
2756,15897.0
2757,17051.0
2758,15925.0
2759,12787.0
2760,15863.0
2761,16483.0
2762,13398.0
2763,13070.0
2764,14819.0
2765,12790.0
2766,15163.0
2767,18204.0
2768,15124.0
2769,12473.0
2770,16969.0
2771,14597.0
2772,13917.0
2773,13062.0
2774,16484.0
2775,15184.0
2776,18135.0
2777,14453.0
2778,17900.0
2779,13437.0
2780,12517.0
2781,16529.0
2782,17531.0
2783,16239.0
2784,14500.0
2785,16117.0
2786,13248.0
2787,16967.0
2788,15405.0
2789,16659.0
2790,16880.0
2791,13435.0
2792,13131.0
2793,14891.0
2794,16682.0
2795,15453.0
2796,16963.0
2797,13682.0
2798,15152.0
2799,15462.0
2800,12449.0
2801,15349.0
2802,16849.0
2803,12802.0
2804,15073.0
2805,16298.0
2806,12535.0
2807,18248.0
2808,15386.0
2809,17252.0
2810,14542.0
2811,16825.0
2812,12380.0
2813,18072.0
2814,13643.0
2815,15969.0
2816,13283.0
2817,17015.0
2818,14375.0
2819,17124.0
2820,17987.0
2821,13395.0
2822,17828.0
2823,15743.0
2824,17414.0
2825,14622.0
2826,15609.0
2827,14561.0
2828,16872.0
2829,16358.0
2830,15238.0
2831,13466.0
2832,17360.0
2833,13510.0
2834,12406.0
2835,14241.0
2836,14132.0
2837,14963.0
2838,17169.0
2839,15252.0
2840,17731.0
2841,16113.0
2842,12694.0
2843,16107.0
2844,17483.0
2845,15679.0
2846,13686.0
2847,16581.0
2848,15267.0
2849,17234.0
2850,17797.0
2851,16614.0
2852,12409.0
2853,15411.0
2854,14178.0
2855,15098.0
2856,18281.0
2857,14984.0
2858,12516.0
2859,17265.0
2860,13617.0
2861,17242.0
2862,17289.0
2863,16018.0
2864,14704.0
2865,16794.0
2866,13761.0
2867,13517.0
2868,13936.0
2869,16342.0
2870,14177.0
2871,12732.0
2872,16205.0
2873,15036.0
2874,13589.0
2875,17579.0
2876,15069.0
2877,17349.0
2878,13080.0
2879,13663.0
2880,14503.0
2881,16774.0
2882,13384.0
2883,17101.0
2884,14997.0
2885,17155.0
2886,12809.0
2887,16461.0
2888,13343.0
2889,12624.0
2890,18165.0
2891,17536.0
2892,16324.0
2893,17651.0
2894,14222.0
2895,15585.0
2896,17490.0
2897,16739.0
2898,16276.0
2899,17193.0
2900,16257.0
2901,14285.0
2902,17642.0
2903,12816.0
2904,13826.0
2905,13575.0
2906,17157.0
2907,16852.0
2908,15219.0
2909,15014.0
2910,14765.0
2911,16869.0
2912,15909.0
2913,13618.0
2914,16050.0
2915,17879.0
2916,17562.0
2917,15334.0
2918,12450.0
2919,13568.0
2920,14820.0
2921,16744.0
2922,15700.0
2923,17299.0
2924,12837.0
2925,15076.0
2926,17444.0
2927,15921.0
2928,15747.0
2929,15840.0
2930,15016.0
2931,14808.0
2932,12904.0
2933,15825.0
2934,12432.0
2935,15389.0
2936,15280.0
2937,17159.0
2938,12830.0
2939,15507.0
2940,18252.0
2941,16526.0
2942,17695.0
2943,12930.0
2944,14960.0
2945,12444.0
2946,17960.0
2947,15412.0
2948,13763.0
2949,12798.0
2950,13849.0
2951,16114.0
2952,13420.0
2953,13780.0
2954,17877.0
2955,16247.0
2956,15041.0
2957,12379.0
2958,16287.0
2959,12919.0
2960,15130.0
2961,12704.0
2962,17370.0
2963,17709.0
2964,15253.0
2965,13300.0
2966,17759.0
2967,12465.0
2968,12412.0
2969,12697.0
2970,13937.0
2971,12615.0
2972,15850.0
2973,15186.0
2974,13791.0
2975,14795.0
2976,17768.0
2977,18112.0
2978,12548.0
2979,17386.0
2980,14104.0
2981,17110.0
2982,13895.0
2983,16545.0
2984,16671.0
2985,14351.0
2986,17391.0
2987,16824.0
2988,17750.0
2989,16200.0
2990,17997.0
2991,14383.0
2992,13461.0
2993,17408.0
2994,15537.0
2995,14327.0
2996,17837.0
2997,12424.0
2998,15578.0
2999,15584.0
3000,13745.0
3001,16498.0
3002,17891.0
3003,17123.0
3004,16866.0
3005,13730.0
3006,16589.0
3007,12922.0
3008,16009.0
3009,14053.0
3010,17939.0
3011,17312.0
3012,13833.0
3013,17899.0
3014,15007.0
3015,17464.0
3016,18265.0
3017,16344.0
3018,13338.0
3019,17024.0
3020,14034.0
3021,18203.0
3022,16616.0
3023,16338.0
3024,17046.0
3025,13109.0
3026,16829.0
3027,13217.0
3028,14002.0
3029,12977.0
3030,13291.0
3031,13583.0
3032,16929.0
3033,17892.0
3034,15505.0
3035,14459.0
3036,18013.0
3037,13681.0
3038,13699.0
3039,14493.0
3040,13486.0
3041,13302.0
3042,16012.0
3043,12635.0
3044,17031.0
3045,12461.0
3046,12648.0
3047,18121.0
3048,15901.0
3049,14918.0
3050,15920.0
3051,17353.0
3052,18024.0
3053,15467.0
3054,16174.0
3055,13678.0
3056,14690.0
3057,13058.0
3058,14552.0
3059,12556.0
3060,13224.0
3061,16989.0
3062,12358.0
3063,13207.0
3064,18122.0
3065,12722.0
3066,17405.0
3067,13311.0
3068,15051.0
3069,15895.0
3070,15795.0
3071,13669.0
3072,16450.0
3073,13667.0
3074,14400.0
3075,12405.0
3076,14265.0
3077,14847.0
3078,14862.0
3079,16488.0
3080,15256.0
3081,14716.0
3082,13933.0
3083,14857.0
3084,15306.0
3085,15839.0
3086,13994.0
3087,17554.0
3088,14332.0
3089,17266.0
3090,17948.0
3091,15004.0
3092,14722.0
3093,13507.0
3094,13967.0
3095,16054.0
3096,12833.0
3097,16474.0
3098,17984.0
3099,12589.0
3100,17448.0
3101,16762.0
3102,15369.0
3103,13154.0
3104,13940.0
3105,14029.0
3106,14117.0
3107,13167.0
3108,17779.0
3109,13991.0
3110,18101.0
3111,17065.0
3112,13827.0
3113,12560.0
3114,16764.0
3115,18180.0
3116,12521.0
3117,17866.0
3118,15802.0
3119,17229.0
3120,14456.0
3121,16464.0
3122,17962.0
3123,16149.0
3124,14259.0
3125,18143.0
3126,17935.0
3127,14517.0
3128,17694.0
3129,17660.0
3130,16041.0
3131,15623.0
3132,15829.0
3133,15232.0
3134,12438.0
3135,12627.0
3136,13079.0
3137,18262.0
3138,13563.0
3139,15506.0
3140,16305.0
3141,12864.0
3142,17724.0
3143,17703.0
3144,13116.0
3145,14019.0
3146,17649.0
3147,16178.0
3148,17040.0
3149,14100.0
3150,16557.0
3151,13296.0
3152,13814.0
3153,16364.0
3154,17693.0
3155,15372.0
3156,15618.0
3157,13930.0
3158,13379.0
3159,13194.0
3160,16447.0
3161,14305.0
3162,12397.0
3163,14331.0
3164,15261.0
3165,15105.0
3166,13813.0
3167,18268.0
3168,14855.0
3169,13925.0
3170,18237.0
3171,12453.0
3172,15639.0
3173,15118.0
3174,15746.0
3175,12743.0
3176,15942.0
3177,14143.0
3178,15120.0
3179,16147.0
3180,13277.0
3181,18127.0
3182,15149.0
3183,18081.0
3184,14511.0
3185,12716.0
3186,15776.0
3187,12981.0
3188,13106.0
3189,13928.0
3190,14885.0
3191,13388.0
3192,15438.0
3193,17173.0
3194,17941.0
3195,14947.0
3196,17053.0
3197,12534.0
3198,12844.0
3199,14567.0
3200,14937.0
3201,12828.0
3202,16984.0
3203,13023.0
3204,17553.0
3205,13075.0
3206,15342.0
3207,12644.0
3208,12378.0
3209,17788.0
3210,13850.0
3211,14076.0
3212,13805.0
3213,17887.0
3214,13186.0
3215,12750.0
3216,15374.0
3217,17656.0
3218,16102.0
3219,15089.0
3220,14972.0
3221,17514.0
3222,12917.0
3223,12689.0
3224,14768.0
3225,17584.0
3226,15254.0
3227,18099.0
3228,15205.0
3229,13218.0
3230,17267.0
3231,16302.0
3232,13513.0
3233,14720.0
3234,18282.0
3235,12610.0
3236,13200.0
3237,14079.0
3238,17298.0
3239,14024.0
3240,16066.0
3241,15198.0
3242,12885.0
3243,17331.0
3244,13016.0
3245,13500.0
3246,15247.0
3247,13355.0
3248,16053.0
3249,13919.0
3250,12384.0
3251,16292.0
3252,12571.0
3253,14116.0
3254,14495.0
3255,15494.0
3256,15608.0
3257,17248.0
3258,17653.0
3259,13645.0
3260,15469.0
3261,13307.0
3262,12381.0
3263,17122.0
3264,14406.0
3265,15683.0
3266,14301.0
3267,14658.0
3268,13621.0
3269,16272.0
3270,17958.0
3271,16836.0
3272,16961.0
3273,16902.0
3274,15706.0
3275,15480.0
3276,15315.0
3277,15653.0
3278,13159.0
3279,13189.0
3280,17637.0
3281,12641.0
3282,13470.0
3283,15786.0
3284,15541.0
3285,16734.0
3286,16706.0
3287,17070.0
3288,12688.0
3289,12729.0
3290,12962.0
3291,13273.0
3292,17736.0
3293,15472.0
3294,12680.0
3295,16582.0
3296,17747.0
3297,12513.0
3298,15396.0
3299,12418.0
3300,16828.0
3301,14712.0
3302,12991.0
3303,14772.0
3304,12364.0
3305,12968.0
3306,16330.0
3307,14566.0
3308,15701.0
3309,12518.0
3310,14529.0
3311,16536.0
3312,15313.0
3313,15801.0
3314,16201.0
3315,16555.0
3316,16952.0
3317,14387.0
3318,17073.0
3319,18147.0
3320,14523.0
3321,14418.0
3322,12642.0
3323,16968.0
3324,16723.0
3325,13411.0
3326,16340.0
3327,13236.0
3328,14196.0
3329,15263.0
3330,14314.0
3331,16093.0
3332,17844.0
3333,14687.0
3334,14050.0
3335,16429.0
3336,14055.0
3337,12715.0
3338,15663.0
3339,18200.0
3340,18167.0
3341,13644.0
3342,17451.0
3343,16641.0
3344,13812.0
3345,14141.0
3346,15074.0
3347,12492.0
3348,17183.0
3349,15325.0
3350,13778.0
3351,14869.0
3352,14096.0
3353,14108.0
3354,12814.0
3355,15866.0
3356,14660.0
3357,13726.0
3358,15690.0
3359,17777.0
3360,16278.0
3361,13276.0
3362,12436.0
3363,13147.0
3364,13045.0
3365,13099.0
3366,12739.0
3367,14420.0
3368,14436.0
3369,18027.0
3370,12794.0
3371,12832.0
3372,16674.0
3373,12375.0
3374,16173.0
3375,14171.0
3376,13434.0
3377,16761.0
3378,14067.0
3379,13808.0
3380,12851.0
3381,14335.0
3382,14965.0
3383,15136.0
3384,16629.0
3385,18261.0
3386,15307.0
3387,16820.0
3388,17309.0
3389,13949.0
3390,14360.0
3391,16400.0
3392,14208.0
3393,12526.0
3394,13130.0
3395,13210.0
3396,17481.0
3397,12685.0
3398,17573.0
3399,14452.0
3400,13889.0
3401,15488.0
3402,18222.0
3403,13244.0
3404,17004.0
3405,13441.0
3406,13823.0
3407,12879.0
3408,16603.0
3409,14824.0
3410,16910.0
3411,15652.0
3412,16362.0
3413,15035.0
3414,14508.0
3415,13272.0
3416,17317.0
3417,14212.0
3418,13372.0
3419,18255.0
3420,14250.0
3421,16796.0
3422,14432.0
3423,15782.0
3424,12883.0
3425,12965.0
3426,15533.0
3427,18215.0
3428,18158.0
3429,13375.0
3430,13431.0
3431,16211.0
3432,12884.0
3433,16141.0
3434,17919.0
3435,16360.0
3436,17433.0
3437,13704.0
3438,14020.0
3439,14359.0
3440,16451.0
3441,12940.0
3442,15216.0
3443,15522.0
3444,17037.0
3445,12822.0
3446,15343.0
3447,14753.0
3448,16959.0
3449,18251.0
3450,13032.0
3451,12895.0
3452,17640.0
3453,13860.0
3454,12756.0
3455,18001.0
3456,17728.0
3457,15933.0
3458,14284.0
3459,17347.0
3460,15103.0
3461,15707.0
3462,13430.0
3463,12566.0
3464,13321.0
3465,13877.0
3466,15272.0
3467,15322.0
3468,17333.0
3469,13518.0
3470,14306.0
3471,17679.0
3472,16160.0
3473,15573.0
3474,14894.0
3475,17434.0
3476,15466.0
3477,15511.0
3478,17846.0
3479,16189.0
3480,15417.0
3481,12995.0
3482,14557.0
3483,16108.0
3484,17144.0
3485,16924.0
3486,15099.0
3487,13323.0
3488,14124.0
3489,15975.0
3490,15523.0
3491,16878.0
3492,15947.0
3493,13247.0
3494,13566.0
3495,18194.0
3496,16689.0
3497,16438.0
3498,13067.0
3499,16460.0
3500,13325.0
3501,12640.0
3502,13774.0
3503,12497.0
3504,12752.0
3505,15504.0
3506,15500.0
3507,17557.0
3508,13228.0
3509,14356.0
3510,13416.0
3511,17628.0
3512,16527.0
3513,16428.0
3514,15341.0
3515,16215.0
3516,14164.0
3517,15888.0
3518,17564.0
3519,13356.0
3520,12390.0
3521,18228.0
3522,17415.0
3523,13350.0
3524,12550.0
3525,16627.0
3526,17475.0
3527,14951.0
3528,14780.0
3529,14887.0
3530,15399.0
3531,17466.0
3532,16379.0
3533,17172.0
3534,15239.0
3535,16213.0
3536,15603.0
3537,14261.0
3538,12657.0
3539,15571.0
3540,15484.0
3541,12936.0
3542,16236.0
3543,16669.0
3544,15398.0
3545,12906.0
3546,17079.0
3547,14125.0
3548,17163.0
3549,12952.0
3550,12579.0
3551,13279.0
3552,12425.0
3553,16715.0
3554,13519.0
3555,12546.0
3556,15744.0
3557,13127.0
3558,15714.0
3559,17480.0
3560,15763.0
3561,15075.0
3562,16978.0
3563,14014.0
3564,16240.0
3565,13336.0
3566,14652.0
3567,15807.0
3568,15762.0
3569,15475.0
3570,15978.0
3571,16485.0
3572,12488.0
3573,13083.0
3574,16169.0
3575,17506.0
3576,16480.0
3577,17006.0
3578,17498.0
3579,17131.0
3580,13536.0
3581,15429.0
3582,17154.0
3583,16594.0
3584,16049.0
3585,14757.0
3586,16198.0
3587,13670.0
3588,18066.0
3589,14806.0
3590,12783.0
3591,13429.0
3592,15154.0
3593,13390.0
3594,12925.0
3595,13927.0
3596,18205.0
3597,14908.0
3598,13639.0
3599,15958.0
3600,15492.0
3601,15243.0
3602,16468.0
3603,15344.0
3604,13866.0
3605,12612.0
3606,16999.0
3607,13514.0
3608,13314.0
3609,17805.0
3610,18278.0
3611,13979.0
3612,16181.0
3613,15568.0
3614,16354.0
3615,14412.0
3616,16119.0
3617,14109.0
3618,16157.0
3619,15348.0
3620,16281.0
3621,13924.0
3622,14434.0
3623,13061.0
3624,17513.0
3625,16909.0
3626,16650.0
3627,18192.0
3628,17447.0
3629,17427.0
3630,15175.0
3631,13960.0
3632,17528.0
3633,16361.0
3634,13886.0
3635,13354.0
3636,15050.0
3637,13503.0
3638,16653.0
3639,16574.0
3640,13759.0
3641,17813.0
3642,12718.0
3643,15949.0
3644,12703.0
3645,13364.0
3646,16268.0
3647,18053.0
3648,16101.0
3649,15565.0
3650,18217.0
3651,13954.0
3652,15593.0
3653,13095.0
3654,15287.0
3655,13347.0
3656,15185.0
3657,16404.0
3658,16613.0
3659,16591.0
3660,15774.0
3661,13558.0
3662,16930.0
3663,16533.0
3664,18059.0
3665,14488.0
3666,16747.0
3667,14333.0
3668,13635.0
3669,17330.0
3670,17321.0
3671,14815.0
3672,15091.0
3673,15088.0
3674,15930.0
3675,16183.0
3676,13297.0
3677,13801.0
3678,16881.0
3679,17014.0
3680,15255.0
3681,14184.0
3682,13351.0
3683,15739.0
3684,12512.0
3685,17957.0
3686,15276.0
3687,15127.0
3688,16106.0
3689,17666.0
3690,13483.0
3691,16478.0
3692,17382.0
3693,12789.0
3694,16020.0
3695,17222.0
3696,16803.0
3697,13947.0
3698,16758.0
3699,12719.0
3700,17647.0
3701,14054.0
3702,12723.0
3703,18033.0
3704,13845.0
3705,15837.0
3706,12628.0
3707,13177.0
3708,14317.0
3709,16295.0
3710,13602.0
3711,16895.0
3712,17295.0
3713,13504.0
3714,13422.0
3715,15264.0
3716,16432.0
3717,13816.0
3718,14518.0
3719,13882.0
3720,15937.0
3721,12923.0
3722,17453.0
3723,15766.0
3724,15300.0
3725,13348.0
3726,14592.0
3727,14792.0
3728,17030.0
3729,12420.0
3730,14427.0
3731,12519.0
3732,13359.0
3733,14138.0
3734,15297.0
3735,13876.0
3736,12740.0
3737,17086.0
3738,13806.0
3739,18096.0
3740,13587.0
3741,12856.0
3742,13419.0
3743,17509.0
3744,16900.0
3745,13689.0
3746,13755.0
3747,16104.0
3748,13259.0
3749,16248.0
3750,15612.0
3751,15787.0
3752,16595.0
3753,13260.0
3754,15821.0
3755,18088.0
3756,16685.0
3757,13193.0
3758,13212.0
3759,14801.0
3760,16380.0
3761,16921.0
3762,15193.0
3763,14027.0
3764,16179.0
3765,15473.0
3766,17425.0
3767,18169.0
3768,18126.0
3769,16688.0
3770,16982.0
3771,15330.0
3772,17186.0
3773,13685.0
3774,16776.0
3775,13980.0
3776,13352.0
3777,15553.0
3778,15886.0
3779,17203.0
3780,12607.0
3781,17459.0
3782,12772.0
3783,16561.0
3784,14121.0
3785,12371.0
3786,17119.0
3787,17620.0
3788,12824.0
3789,14710.0
3790,16120.0
3791,14624.0
3792,16171.0
3793,12536.0
3794,13690.0
3795,17934.0
3796,14642.0
3797,12602.0
3798,16753.0
3799,17737.0
3800,13464.0
3801,12667.0
3802,12498.0
3803,14537.0
3804,17279.0
3805,14251.0
3806,12446.0
3807,12631.0
3808,14234.0
3809,14975.0
3810,13853.0
3811,16773.0
3812,16430.0
3813,16793.0
3814,18130.0
3815,17614.0
3816,13858.0
3817,14856.0
3818,14089.0
3819,15478.0
3820,16413.0
3821,13810.0
3822,16416.0
3823,13006.0
3824,17986.0
3825,12454.0
3826,14910.0
3827,16243.0
3828,13878.0
3829,16934.0
3830,15994.0
3831,14547.0
3832,16052.0
3833,15113.0
3834,12475.0
3835,16542.0
3836,18042.0
3837,16563.0
3838,17201.0
3839,17520.0
3840,13923.0
3841,16412.0
3842,17205.0
3843,17534.0
3844,15335.0
3845,16737.0
3846,15066.0
3847,17206.0
3848,17785.0
3849,16932.0
3850,16363.0
3851,14830.0
3852,17244.0
3853,15355.0
3854,15598.0
3855,15637.0
3856,16848.0
3857,15678.0
3858,14015.0
3859,13594.0
3860,15327.0
3861,14861.0
3862,14554.0
3863,12611.0
3864,14179.0
3865,15604.0
3866,14381.0
3867,12572.0
3868,16123.0
3869,16851.0
3870,17148.0
3871,17549.0
3872,17973.0
3873,15610.0
3874,15853.0
3875,18019.0
3876,14698.0
3877,16826.0
3878,17824.0
3879,12522.0
3880,15803.0
3881,15006.0
3882,17350.0
3883,14799.0
3884,15814.0
3885,16260.0
3886,14638.0
3887,17354.0
3888,13245.0
3889,14923.0
3890,16177.0
3891,13366.0
3892,16284.0
3893,16846.0
3894,14484.0
3895,13897.0
3896,14585.0
3897,17125.0
3898,15836.0
3899,16313.0
3900,13460.0
3901,12403.0
3902,14967.0
3903,15286.0
3904,17832.0
3905,12646.0
3906,16015.0
3907,16311.0
3908,15728.0
3909,15740.0
3910,13974.0
3911,15677.0
3912,15000.0
3913,16017.0
3914,13471.0
3915,13598.0
3916,18005.0
3917,15427.0
3918,15022.0
3919,17111.0
3920,17836.0
3921,14629.0
3922,15592.0
3923,15277.0
3924,16491.0
3925,15516.0
3926,14764.0
3927,16742.0
3928,15142.0
3929,17344.0
3930,18240.0
3931,17081.0
3932,14474.0
3933,14139.0
3934,15844.0
3935,13176.0
3936,12398.0
3937,15345.0
3938,16708.0
3939,15963.0
3940,18045.0
3941,13182.0
3942,15158.0
3943,13028.0
3944,13978.0
3945,16056.0
3946,12812.0
3947,16071.0
3948,14539.0
3949,14550.0
3950,17712.0
3951,14102.0
3952,14598.0
3953,15320.0
3954,16415.0
3955,12448.0
3956,12827.0
3957,16345.0
3958,15993.0
3959,17895.0
3960,15948.0
3961,15659.0
3962,18154.0
3963,12630.0
3964,13363.0
3965,18276.0
3966,17684.0
3967,17878.0
3968,14752.0
3969,16847.0
3970,14971.0
3971,17545.0
3972,16026.0
3973,16513.0
3974,12430.0
3975,14357.0
3976,16855.0
3977,16680.0
3978,18035.0
3979,16648.0
3980,16164.0
3981,14218.0
3982,15096.0
3983,18030.0
3984,14416.0
3985,17839.0
3986,16601.0
3987,12912.0
3988,13278.0
3989,14582.0
3990,15748.0
3991,16079.0
3992,17590.0
3993,15054.0
3994,14158.0
3995,15385.0
3996,16506.0
3997,13822.0
3998,18067.0
3999,16190.0
4000,15444.0
4001,13607.0
4002,12581.0
4003,15360.0
4004,13103.0
4005,15667.0
4006,13651.0
4007,12552.0
4008,16127.0
4009,12588.0
4010,15977.0
4011,13697.0
4012,14345.0
4013,17503.0
4014,16830.0
4015,17495.0
4016,12491.0
4017,14485.0
4018,13868.0
4019,15423.0
4020,17668.0
4021,16971.0
4022,16352.0
4023,16884.0
4024,15830.0
4025,14216.0
4026,15275.0
4027,16790.0
4028,15576.0
4029,18105.0
4030,18164.0
4031,14974.0
4032,17947.0
4033,13318.0
4034,18104.0
4035,13271.0
4036,17595.0
4037,14528.0
4038,17432.0
4039,16337.0
4040,14098.0
4041,15551.0
4042,16347.0
4043,13721.0
4044,16322.0
4045,17403.0
4046,16914.0
4047,16602.0
4048,12544.0
4049,13914.0
4050,13467.0
4051,17221.0
4052,17078.0
4053,13447.0
4054,15010.0
4055,18022.0
4056,16318.0
4057,17274.0
4058,15597.0
4059,17233.0
4060,16887.0
4061,13938.0
4062,17084.0
4063,14882.0
4064,15017.0
4065,12882.0
4066,17387.0
4067,13727.0
4068,13532.0
4069,16445.0
4070,15156.0
4071,16372.0
4072,17608.0
4073,12638.0
4074,14174.0
4075,14039.0
4076,13040.0
4077,15883.0
4078,14664.0
4079,15526.0
4080,17831.0
4081,15025.0
4082,12357.0
4083,17761.0
4084,15870.0
4085,14080.0
4086,17623.0
4087,13673.0
4088,14073.0
4089,16070.0
4090,13066.0
4091,14929.0
4092,13710.0
4093,16732.0
4094,14140.0
4095,17219.0
4096,16505.0
4097,15957.0
4098,18123.0
4099,15043.0
4100,17313.0
4101,18216.0
4102,17022.0
4103,15153.0
4104,16759.0
4105,16751.0
4106,12893.0
4107,14836.0
4108,17011.0
4109,12532.0
4110,17038.0
4111,14968.0
4112,12504.0
4113,16516.0
4114,13522.0
4115,15986.0
4116,13992.0
4117,14354.0
4118,16986.0
4119,16953.0
4120,18274.0
4121,15450.0
4122,15531.0
4123,17500.0
4124,17197.0
4125,16025.0
4126,12659.0
4127,17461.0
4128,17791.0
4129,15463.0
4130,17977.0
4131,12617.0
4132,14863.0
4133,16903.0
4134,12508.0
4135,17502.0
4136,12538.0
4137,17901.0
4138,14789.0
4139,18209.0
4140,12985.0
4141,15557.0
4142,16433.0
4143,15692.0
4144,17052.0
4145,16368.0
4146,18014.0
4147,13732.0
4148,13091.0
4149,14661.0
4150,13170.0
4151,15654.0
4152,13146.0
4153,14788.0
4154,13603.0
4155,14382.0
4156,16720.0
4157,14904.0
4158,14494.0
4159,14902.0
4160,16936.0
4161,12938.0
4162,15168.0
4163,17538.0
4164,18082.0
4165,18117.0
4166,15458.0
4167,17566.0
4168,16207.0
4169,12762.0
4170,17793.0
4171,14953.0
4172,16504.0
4173,12374.0
4174,15009.0
4175,16423.0
4176,15419.0
4177,17510.0
4178,15758.0
4179,15524.0
4180,14725.0
4181,14666.0
4182,14714.0
4183,17153.0
4184,12950.0
4185,15720.0
4186,18181.0
4187,15556.0
4188,17357.0
4189,12890.0
4190,13449.0
4191,15269.0
4192,14385.0
4193,15900.0
4194,17680.0
4195,13926.0
4196,16204.0
4197,17896.0
4198,17835.0
4199,15432.0
4200,18006.0
4201,15657.0
4202,17237.0
4203,13160.0
4204,12847.0
4205,17397.0
4206,17985.0
4207,14362.0
4208,13828.0
4209,15435.0
4210,12445.0
4211,12603.0
4212,14641.0
4213,12618.0
4214,15621.0
4215,12391.0
4216,18034.0
4217,17286.0
4218,17904.0
4219,17301.0
4220,15368.0
4221,14793.0
4222,17650.0
4223,12702.0
4224,14881.0
4225,16784.0
4226,14052.0
4227,18110.0
4228,17561.0
4229,15988.0
4230,17523.0
4231,14950.0
4232,16666.0
4233,14860.0
4234,17636.0
4235,13832.0
4236,13142.0
4237,16366.0
4238,14300.0
4239,12349.0
4240,12658.0
4241,12795.0
4242,15567.0
4243,15645.0
4244,16406.0
4245,15857.0
4246,12984.0
4247,17253.0
4248,13739.0
4249,18139.0
4250,15274.0
4251,17010.0
4252,15115.0
4253,17100.0
4254,15699.0
4255,13403.0
4256,16956.0
4257,17600.0
4258,15877.0
4259,14424.0
4260,13322.0
4261,17297.0
4262,13986.0
4263,12920.0
4264,18249.0
4265,15634.0
4266,16376.0
4267,16811.0
4268,12452.0
4269,14581.0
4270,14675.0
4271,17290.0
4272,16343.0
4273,13638.0
4274,16482.0
4275,12784.0
4276,17458.0
4277,14785.0
4278,17254.0
4279,17767.0
4280,15725.0
4281,17247.0
4282,18184.0
4283,15428.0
4284,17727.0
4285,14756.0
4286,16856.0
4287,14703.0
4288,17385.0
4289,12531.0
4290,15872.0
4291,14966.0
4292,17232.0
4293,17468.0
4294,13332.0
4295,14946.0
4296,13256.0
4297,13596.0
4298,16024.0
4299,14954.0
4300,17885.0
4301,14093.0
4302,14893.0
4303,15721.0
4304,17852.0
4305,13844.0
4306,12479.0
4307,12660.0
4308,15540.0
4309,17379.0
4310,16800.0
4311,17806.0
4312,17359.0
4313,13188.0
4314,14480.0
4315,13349.0
4316,15619.0
4317,15148.0
4318,14601.0
4319,15783.0
4320,17772.0
4321,14126.0
4322,16479.0
4323,13428.0
4324,15790.0
4325,13521.0
4326,14349.0
4327,18058.0
4328,12953.0
4329,12966.0
4330,15060.0
4331,17911.0
4332,14804.0
4333,15904.0
4334,16789.0
4335,12558.0
4336,17942.0
4337,12587.0
4338,13560.0
4339,15539.0
4340,13017.0
4341,18174.0
4342,13153.0
4343,15773.0
4344,17936.0
4345,16535.0
4346,16988.0
4347,15097.0
4348,18015.0
4349,16597.0
4350,13790.0
4351,14219.0
4352,12367.0
4353,17383.0
4354,12478.0
4355,15992.0
4356,15318.0
4357,17914.0
4358,16528.0
4359,12442.0
4360,16569.0
4361,12650.0
4362,14578.0
4363,16000.0
4364,15195.0
4365,14087.0
4366,14204.0
4367,15471.0
4368,13436.0
4369,15520.0
4370,13298.0
4371,14569.0
4372,12713.0
